{"accuracy": [0.6401284337043762, 0.6317816972732544, 0.6635634303092957, 0.6651685237884521, 0.6577849388122559, 0.6622793078422546, 0.681861937046051, 0.6908507347106934, 0.7226324081420898, 0.7277688384056091, 0.7425361275672913, 0.7508828043937683, 0.7528089880943298, 0.7701444625854492, 0.7707865238189697, 0.774638831615448, 0.7701444625854492, 0.7884430289268494, 0.8099518418312073, 0.8192616105079651, 0.8333868384361267, 0.8288924694061279, 0.8500802516937256, 0.8542535901069641, 0.8593900203704834, 0.8786516785621643, 0.863884449005127, 0.8796147704124451, 0.9004815220832825, 0.9043338894844055, 0.8947030305862427, 0.9033707976341248, 0.9155698418617249, 0.9178169965744019, 0.9126805663108826, 0.9203852415084839, 0.9245585799217224, 0.9168539047241211, 0.9178169965744019, 0.9174959659576416, 0.9133226275444031, 0.933868408203125, 0.9470304846763611, 0.9483146071434021, 0.9271268248558044, 0.9171749353408813, 0.9322632551193237, 0.9412519931793213, 0.9367576241493225, 0.9460673928260803, 0.9425361156463623, 0.9399678707122803, 0.9508828520774841, 0.9479935765266418, 0.9531300067901611, 0.9434992074966431, 0.9528089761734009, 0.9589084982872009, 0.9502407908439636, 0.9402889013290405, 0.9457463622093201, 0.9617977738380432, 0.9566613435745239, 0.9678972959518433], "loss": [1.3031296730041504, 1.2983129024505615, 1.2425018548965454, 1.217138409614563, 1.2377949953079224, 1.207698106765747, 1.1708935499191284, 1.1328999996185303, 0.9914133548736572, 0.965307891368866, 0.9357345700263977, 0.9042866230010986, 0.9125127792358398, 0.8504798412322998, 0.8246055841445923, 0.8264377117156982, 0.8359975218772888, 0.7631462812423706, 0.6897047758102417, 0.6953706741333008, 0.5873859524726868, 0.6153793931007385, 0.5462878346443176, 0.5120701789855957, 0.5081197023391724, 0.4464508295059204, 0.48227500915527344, 0.42990317940711975, 0.3460153639316559, 0.35749462246894836, 0.387707382440567, 0.35551580786705017, 0.30183979868888855, 0.31761857867240906, 0.3360564410686493, 0.29042571783065796, 0.28362229466438293, 0.32664868235588074, 0.3119624853134155, 0.2966430187225342, 0.34008339047431946, 0.22684384882450104, 0.1955905705690384, 0.22363117337226868, 0.24359987676143646, 0.30297431349754333, 0.27067887783050537, 0.2198570817708969, 0.2218187302350998, 0.1989637166261673, 0.21851393580436707, 0.23745693266391754, 0.19628851115703583, 0.21931426227092743, 0.20049574971199036, 0.20500817894935608, 0.1549537181854248, 0.15310896933078766, 0.1792645901441574, 0.21374952793121338, 0.21730972826480865, 0.1262020617723465, 0.16012796759605408, 0.11018379777669907], "val_accuracy": [0.7293447256088257, 0.7207977175712585, 0.7293447256088257, 0.7264957427978516, 0.7179487347602844, 0.7435897588729858, 0.7663817405700684, 0.74643874168396, 0.7806267738342285, 0.7977207899093628, 0.7920227646827698, 0.8205128312110901, 0.8148148059844971, 0.8233618140220642, 0.8433048725128174, 0.8490028381347656, 0.8717948794364929, 0.8717948794364929, 0.9031339287757874, 0.8689458966255188, 0.8945869207382202, 0.8831908702850342, 0.9230769276618958, 0.9230769276618958, 0.9287749528884888, 0.9202279448509216, 0.9259259104728699, 0.9316239356994629, 0.934472918510437, 0.94017094373703, 0.9116809368133545, 0.9430199265480042, 0.945868968963623, 0.9572649598121643, 0.9202279448509216, 0.9487179517745972, 0.9487179517745972, 0.9544159770011902, 0.9544159770011902, 0.945868968963623, 0.9544159770011902, 0.9515669345855713, 0.9544159770011902, 0.9601139426231384, 0.9544159770011902, 0.9515669345855713, 0.9544159770011902, 0.9544159770011902, 0.9601139426231384, 0.9601139426231384, 0.9572649598121643, 0.9629629850387573, 0.9515669345855713, 0.9544159770011902, 0.9544159770011902, 0.9629629850387573, 0.9601139426231384, 0.9572649598121643, 0.9544159770011902, 0.9544159770011902, 0.9515669345855713, 0.9515669345855713, 0.9544159770011902, 0.9601139426231384], "val_loss": [1.127758264541626, 1.1398719549179077, 1.1288604736328125, 1.109702706336975, 1.1633861064910889, 1.1477290391921997, 0.9598977565765381, 1.064064860343933, 0.9203270077705383, 0.944328784942627, 0.9131024479866028, 0.8463320732116699, 0.8298373818397522, 0.7747408151626587, 0.6724769473075867, 0.7344999313354492, 0.639801025390625, 0.664568305015564, 0.5579577684402466, 0.6457355618476868, 0.5385675430297852, 0.5117132663726807, 0.4223264157772064, 0.44637376070022583, 0.35861459374427795, 0.5111231207847595, 0.5078202486038208, 0.44367527961730957, 0.5274519324302673, 0.4383604824542999, 0.6080936789512634, 0.5085962414741516, 0.40854039788246155, 0.33371537923812866, 0.6054664850234985, 0.5251002907752991, 0.42180335521698, 0.4286158084869385, 0.4871898293495178, 0.3501693308353424, 0.29726213216781616, 0.3196203112602234, 0.4344971776008606, 0.30491405725479126, 0.43433356285095215, 0.37585392594337463, 0.3164730966091156, 0.369240403175354, 0.3635784983634949, 0.27677708864212036, 0.3838527202606201, 0.43494921922683716, 0.42805415391921997, 0.329226016998291, 0.3886353671550751, 0.376899391412735, 0.3446367383003235, 0.4169031083583832, 0.2982836067676544, 0.399565726518631, 0.2922986149787903, 0.33242568373680115, 0.29589736461639404, 0.31829655170440674]}